event_id,group_id,timestamp,interrupter_id,interrupted_id,interrupter_seniority,interrupted_seniority,direction,type,interrupter_continued,coder_id,notes
INT0001,G001,23:07,P001,P002,senior,junior,Sâ†’J,takeover,yes,C1,
INT0002,G001,21:36,P002,P001,junior,senior,Jâ†’S,overlap,no,C1,
INT0003,G001,04:44,P001,P003,senior,junior,Sâ†’J,takeover,yes,C1,
INT0004,G001,03:40,P001,P003,senior,junior,Sâ†’J,overlap,no,C1,
INT0005,G001,11:16,P001,P002,senior,junior,Sâ†’J,takeover,yes,C1,
INT0006,G001,02:24,P001,P002,senior,junior,Sâ†’J,takeover,yes,C1,
INT0007,G001,09:11,P001,P003,senior,junior,Sâ†’J,takeover,yes,C1,
INT0008,G001,13:11,P001,P002,senior,junior,Sâ†’J,takeover,yes,C1,
INT0009,G001,14:13,P001,P002,senior,junior,Sâ†’J,overlap,yes,C1,
INT0010,G001,03:04,P001,P003,senior,junior,Sâ†’J,takeover,yes,C1,
INT0011,G001,16:09,P001,P002,senior,junior,Sâ†’J,overlap,yes,C1,
INT0012,G002,17:45,P005,P006,junior,junior,Pâ†’P,overlap,no,C1,
INT0013,G002,16:30,P004,P005,senior,junior,Sâ†’J,takeover,yes,C1,
INT0014,G002,01:24,P005,P006,junior,junior,Pâ†’P,overlap,no,C1,
INT0015,G002,16:07,P004,P006,senior,junior,Sâ†’J,takeover,yes,C1,
INT0016,G002,10:25,P004,P005,senior,junior,Sâ†’J,takeover,yes,C1,
INT0017,G002,11:05,P006,P004,junior,senior,Jâ†’S,overlap,no,C1,
INT0018,G002,21:12,P004,P005,senior,junior,Sâ†’J,overlap,yes,C1,
INT0019,G002,13:57,P004,P006,senior,junior,Sâ†’J,takeover,yes,C1,
INT0020,G002,21:28,P005,P004,junior,senior,Jâ†’S,overlap,no,C1,
INT0021,G002,02:12,P004,P005,senior,junior,Sâ†’J,takeover,yes,C1,
INT0022,G002,03:50,P004,P006,senior,junior,Sâ†’J,takeover,yes,C1,
INT0023,G002,15:01,P004,P005,senior,junior,Sâ†’J,takeover,yes,C1,
INT0024,G003,07:51,P007,P009,senior,junior,Sâ†’J,overlap,yes,C1,
INT0025,G003,19:14,P008,P009,junior,junior,Pâ†’P,overlap,no,C1,
INT0026,G003,02:47,P007,P008,senior,junior,Sâ†’J,takeover,yes,C1,
INT0027,G003,20:02,P007,P008,senior,junior,Sâ†’J,takeover,yes,C1,
INT0028,G003,21:03,P008,P009,junior,junior,Pâ†’P,overlap,no,C1,
INT0029,G003,04:29,P007,P008,senior,junior,Sâ†’J,takeover,yes,C1,
INT0030,G003,16:38,P008,P007,junior,senior,Jâ†’S,overlap,no,C1,
INT0031,G003,03:51,P007,P009,senior,junior,Sâ†’J,overlap,no,C1,
INT0032,G003,11:07,P008,P009,junior,junior,Pâ†’P,overlap,no,C1,
INT0033,G003,19:34,P007,P008,senior,junior,Sâ†’J,overlap,yes,C1,
INT0034,G003,04:17,P007,P009,senior,junior,Sâ†’J,takeover,yes,C1,
INT0035,G003,12:35,P007,P008,senior,junior,Sâ†’J,takeover,yes,C1,
INT0036,G004,16:05,P010,P011,senior,junior,Sâ†’J,overlap,yes,C1,
INT0037,G004,10:26,P010,P012,senior,junior,Sâ†’J,takeover,yes,C1,
INT0038,G004,07:09,P010,P012,senior,junior,Sâ†’J,takeover,yes,C1,
INT0039,G004,06:39,P010,P011,senior,junior,Sâ†’J,overlap,yes,C1,
INT0040,G004,10:22,P010,P011,senior,junior,Sâ†’J,takeover,yes,C1,
INT0041,G004,17:06,P010,P011,senior,junior,Sâ†’J,takeover,yes,C1,
INT0042,G004,21:42,P010,P011,senior,junior,Sâ†’J,takeover,yes,C1,
INT0043,G005,06:42,P014,P015,junior,junior,Pâ†’P,overlap,no,C1,
INT0044,G005,02:41,P013,P014,senior,junior,Sâ†’J,takeover,yes,C1,
INT0045,G005,11:39,P015,P013,junior,senior,Jâ†’S,overlap,no,C1,
INT0046,G005,02:06,P014,P013,junior,senior,Jâ†’S,overlap,no,C1,
INT0047,G005,06:50,P013,P014,senior,junior,Sâ†’J,takeover,yes,C1,
INT0048,G005,08:46,P013,P015,senior,junior,Sâ†’J,takeover,yes,C1,
INT0049,G005,22:57,P013,P014,senior,junior,Sâ†’J,takeover,yes,C1,
INT0050,G005,04:15,P014,P013,junior,senior,Jâ†’S,overlap,no,C1,
INT0051,G006,19:31,P016,P018,senior,junior,Sâ†’J,takeover,yes,C1,
INT0052,G006,20:29,P016,P018,senior,junior,Sâ†’J,takeover,yes,C1,
INT0053,G006,07:40,P016,P018,senior,junior,Sâ†’J,takeover,yes,C1,
INT0054,G006,05:02,P016,P017,senior,junior,Sâ†’J,takeover,yes,C1,
INT0055,G006,04:54,P016,P018,senior,junior,Sâ†’J,takeover,yes,C1,
INT0056,G006,11:14,P017,P016,junior,senior,Jâ†’S,overlap,no,C1,
INT0057,G006,21:39,P017,P018,junior,junior,Pâ†’P,overlap,no,C1,
INT0058,G006,19:35,P017,P016,junior,senior,Jâ†’S,overlap,no,C1,
INT0059,G006,14:54,P016,P017,senior,junior,Sâ†’J,takeover,yes,C1,
INT0060,G006,15:17,P016,P018,senior,junior,Sâ†’J,takeover,yes,C1,
INT0061,G007,19:09,P020,P021,junior,junior,Pâ†’P,overlap,no,C1,
INT0062,G007,01:26,P020,P021,junior,junior,Pâ†’P,overlap,no,C1,
INT0063,G007,02:30,P020,P019,junior,senior,Jâ†’S,overlap,no,C1,
INT0064,G007,14:33,P019,P020,senior,junior,Sâ†’J,takeover,yes,C1,
INT0065,G007,08:05,P019,P020,senior,junior,Sâ†’J,takeover,yes,C1,
INT0066,G007,14:13,P019,P021,senior,junior,Sâ†’J,takeover,yes,C1,
INT0067,G007,03:01,P019,P021,senior,junior,Sâ†’J,takeover,yes,C1,
INT0068,G007,15:54,P019,P020,senior,junior,Sâ†’J,overlap,yes,C1,
INT0069,G007,23:25,P019,P021,senior,junior,Sâ†’J,takeover,yes,C1,
INT0070,G008,23:21,P022,P024,senior,junior,Sâ†’J,takeover,yes,C1,
INT0071,G008,09:44,P023,P024,junior,junior,Pâ†’P,overlap,no,C1,
INT0072,G008,18:36,P023,P022,junior,senior,Jâ†’S,overlap,no,C1,
INT0073,G008,20:56,P022,P023,senior,junior,Sâ†’J,takeover,yes,C1,
INT0074,G008,22:23,P023,P022,junior,senior,Jâ†’S,overlap,no,C1,
INT0075,G008,13:23,P022,P023,senior,junior,Sâ†’J,takeover,yes,C1,
INT0076,G008,06:41,P022,P023,senior,junior,Sâ†’J,takeover,yes,C1,
INT0077,G008,07:08,P023,P024,junior,junior,Pâ†’P,overlap,no,C1,
INT0078,G008,08:34,P022,P024,senior,junior,Sâ†’J,overlap,no,C1,
INT0079,G008,23:13,P023,P022,junior,senior,Jâ†’S,overlap,no,C1,
INT0080,G008,11:22,P023,P024,junior,junior,Pâ†’P,overlap,no,C1,
INT0081,G008,17:43,P022,P023,senior,junior,Sâ†’J,takeover,yes,C1,
INT0082,G009,16:45,P025,P027,senior,junior,Sâ†’J,takeover,yes,C1,
INT0083,G009,12:51,P025,P026,senior,junior,Sâ†’J,takeover,yes,C1,
INT0084,G009,15:05,P025,P026,senior,junior,Sâ†’J,takeover,yes,C1,
INT0085,G009,03:06,P025,P026,senior,junior,Sâ†’J,takeover,yes,C1,
INT0086,G009,16:09,P026,P025,junior,senior,Jâ†’S,overlap,no,C1,
INT0087,G009,10:26,P026,P027,junior,junior,Pâ†’P,overlap,no,C1,
INT0088,G009,18:59,P025,P027,senior,junior,Sâ†’J,takeover,yes,C1,
INT0089,G009,21:01,P025,P026,senior,junior,Sâ†’J,takeover,yes,C1,
INT0090,G009,08:53,P026,P027,junior,junior,Pâ†’P,overlap,no,C1,
INT0091,G010,21:41,P030,P028,junior,senior,Jâ†’S,overlap,no,C1,
INT0092,G010,19:42,P028,P030,senior,junior,Sâ†’J,takeover,yes,C1,
INT0093,G010,19:08,P029,P030,junior,junior,Pâ†’P,overlap,no,C1,
INT0094,G010,10:10,P029,P028,junior,senior,Jâ†’S,overlap,no,C1,
INT0095,G010,16:23,P029,P030,junior,junior,Pâ†’P,overlap,no,C1,
INT0096,G010,02:09,P028,P030,senior,junior,Sâ†’J,overlap,yes,C1,
INT0097,G010,18:18,P028,P029,senior,junior,Sâ†’J,overlap,no,C1,
INT0098,G010,05:10,P028,P029,senior,junior,Sâ†’J,overlap,yes,C1,
INT0099,G010,12:11,P028,P029,senior,junior,Sâ†’J,takeover,yes,C1,
INT0100,G010,12:09,P028,P029,senior,junior,Sâ†’J,takeover,yes,C1,
INT0101,G010,04:58,P028,P030,senior,junior,Sâ†’J,overlap,no,C1,
INT0102,G010,05:00,P029,P030,junior,junior,Pâ†’P,overlap,no,C1,
INT0103,G011,10:48,P032,P033,junior,junior,Pâ†’P,overlap,no,C1,
INT0104,G011,19:42,P031,P033,senior,junior,Sâ†’J,takeover,yes,C1,
INT0105,G011,04:46,P031,P032,senior,junior,Sâ†’J,takeover,yes,C1,
INT0106,G011,18:07,P031,P033,senior,junior,Sâ†’J,takeover,yes,C1,
INT0107,G011,08:28,P031,P033,senior,junior,Sâ†’J,takeover,yes,C1,
INT0108,G011,21:12,P031,P032,senior,junior,Sâ†’J,overlap,yes,C1,
INT0109,G011,03:34,P032,P031,junior,senior,Jâ†’S,overlap,no,C1,
INT0110,G011,17:25,P031,P033,senior,junior,Sâ†’J,takeover,yes,C1,
INT0111,G011,17:03,P032,P033,junior,junior,Pâ†’P,overlap,no,C1,
INT0112,G011,12:25,P031,P033,senior,junior,Sâ†’J,takeover,yes,C1,
INT0113,G011,12:00,P031,P033,senior,junior,Sâ†’J,takeover,yes,C1,
INT0114,G012,14:51,P034,P035,senior,junior,Sâ†’J,overlap,yes,C1,
INT0115,G012,14:08,P035,P034,junior,senior,Jâ†’S,overlap,no,C1,
INT0116,G012,05:13,P034,P036,senior,junior,Sâ†’J,takeover,yes,C1,
INT0117,G012,19:48,P034,P035,senior,junior,Sâ†’J,takeover,yes,C1,
INT0118,G012,09:26,P034,P036,senior,junior,Sâ†’J,overlap,yes,C1,
INT0119,G012,06:53,P034,P036,senior,junior,Sâ†’J,takeover,yes,C1,
INT0120,G012,10:53,P034,P036,senior,junior,Sâ†’J,takeover,yes,C1,
INT0121,G012,15:14,P034,P035,senior,junior,Sâ†’J,takeover,yes,C1,
INT0122,G012,10:40,P036,P034,junior,senior,Jâ†’S,overlap,no,C1,
INT0123,G012,04:41,P034,P036,senior,junior,Sâ†’J,takeover,yes,C1,
INT0124,G013,09:31,P038,P039,junior,junior,Pâ†’P,overlap,no,C1,
INT0125,G013,03:38,P039,P037,junior,senior,Jâ†’S,overlap,no,C1,
INT0126,G013,19:27,P039,P037,junior,senior,Jâ†’S,overlap,no,C1,
INT0127,G013,23:52,P037,P038,senior,junior,Sâ†’J,takeover,yes,C1,
INT0128,G013,02:09,P037,P038,senior,junior,Sâ†’J,takeover,yes,C1,
INT0129,G013,02:17,P037,P039,senior,junior,Sâ†’J,takeover,yes,C1,
INT0130,G013,10:33,P037,P038,senior,junior,Sâ†’J,takeover,yes,C1,
INT0131,G013,21:11,P038,P037,junior,senior,Jâ†’S,overlap,no,C1,
INT0132,G013,18:20,P039,P037,junior,senior,Jâ†’S,overlap,no,C1,
INT0133,G013,09:43,P037,P039,senior,junior,Sâ†’J,takeover,yes,C1,
INT0134,G014,05:33,P040,P042,senior,junior,Sâ†’J,takeover,yes,C1,
INT0135,G014,06:06,P040,P041,senior,junior,Sâ†’J,overlap,yes,C1,
INT0136,G014,23:53,P041,P042,junior,junior,Pâ†’P,overlap,no,C1,
INT0137,G014,18:45,P040,P041,senior,junior,Sâ†’J,takeover,yes,C1,
INT0138,G014,03:07,P041,P040,junior,senior,Jâ†’S,overlap,no,C1,
INT0139,G014,16:22,P040,P042,senior,junior,Sâ†’J,takeover,yes,C1,
INT0140,G014,15:56,P041,P042,junior,junior,Pâ†’P,overlap,no,C1,
INT0141,G014,17:48,P041,P042,junior,junior,Pâ†’P,overlap,no,C1,
INT0142,G014,06:45,P040,P041,senior,junior,Sâ†’J,takeover,yes,C1,
INT0143,G014,23:09,P040,P042,senior,junior,Sâ†’J,takeover,yes,C1,
INT0144,G014,05:05,P040,P041,senior,junior,Sâ†’J,takeover,yes,C1,
INT0145,G015,04:02,P044,P043,junior,senior,Jâ†’S,overlap,no,C1,
INT0146,G015,16:07,P044,P045,junior,junior,Pâ†’P,overlap,no,C1,
INT0147,G015,02:04,P043,P044,senior,junior,Sâ†’J,overlap,no,C1,
INT0148,G015,07:37,P044,P045,junior,junior,Pâ†’P,overlap,no,C1,
INT0149,G015,06:42,P043,P044,senior,junior,Sâ†’J,takeover,yes,C1,
INT0150,G015,09:37,P043,P044,senior,junior,Sâ†’J,overlap,no,C1,
INT0151,G015,17:36,P043,P044,senior,junior,Sâ†’J,takeover,yes,C1,
INT0152,G015,23:12,P044,P045,junior,junior,Pâ†’P,overlap,no,C1,
INT0153,G015,06:57,P044,P043,junior,senior,Jâ†’S,overlap,no,C1,
INT0154,G015,04:59,P043,P045,senior,junior,Sâ†’J,takeover,yes,C1,
INT0155,G016,06:53,P046,P048,senior,junior,Sâ†’J,takeover,yes,C1,
INT0156,G016,17:14,P046,P048,senior,junior,Sâ†’J,takeover,yes,C1,
INT0157,G016,04:33,P046,P048,senior,junior,Sâ†’J,overlap,yes,C1,
INT0158,G016,11:31,P046,P048,senior,junior,Sâ†’J,takeover,yes,C1,
INT0159,G016,10:43,P047,P048,junior,junior,Pâ†’P,overlap,no,C1,
INT0160,G016,15:14,P046,P048,senior,junior,Sâ†’J,overlap,no,C1,
INT0161,G016,16:43,P046,P047,senior,junior,Sâ†’J,overlap,yes,C1,
INT0162,G016,15:33,P046,P047,senior,junior,Sâ†’J,takeover,yes,C1,
INT0163,G016,13:25,P046,P047,senior,junior,Sâ†’J,overlap,yes,C1,
INT0164,G016,12:12,P046,P048,senior,junior,Sâ†’J,takeover,yes,C1,
INT0165,G016,14:46,P046,P048,senior,junior,Sâ†’J,overlap,no,C1,
INT0166,G017,16:32,P049,P051,senior,junior,Sâ†’J,takeover,yes,C1,
INT0167,G017,09:31,P049,P050,senior,junior,Sâ†’J,takeover,yes,C1,
INT0168,G017,02:53,P049,P050,senior,junior,Sâ†’J,overlap,no,C1,
INT0169,G017,05:19,P049,P050,senior,junior,Sâ†’J,overlap,yes,C1,
INT0170,G017,16:50,P049,P051,senior,junior,Sâ†’J,takeover,yes,C1,
INT0171,G017,16:32,P049,P051,senior,junior,Sâ†’J,overlap,yes,C1,
INT0172,G017,02:27,P050,P049,junior,senior,Jâ†’S,overlap,no,C1,
INT0173,G017,13:28,P049,P051,senior,junior,Sâ†’J,takeover,yes,C1,
INT0174,G017,02:02,P049,P051,senior,junior,Sâ†’J,takeover,yes,C1,
INT0175,G018,16:48,P052,P054,senior,junior,Sâ†’J,takeover,yes,C1,
INT0176,G018,22:34,P052,P054,senior,junior,Sâ†’J,takeover,yes,C1,
INT0177,G018,06:32,P052,P054,senior,junior,Sâ†’J,takeover,yes,C1,
INT0178,G018,13:39,P052,P054,senior,junior,Sâ†’J,takeover,yes,C1,
INT0179,G018,01:37,P052,P054,senior,junior,Sâ†’J,takeover,yes,C1,
INT0180,G018,19:01,P054,P052,junior,senior,Jâ†’S,overlap,no,C1,
INT0181,G018,13:06,P052,P054,senior,junior,Sâ†’J,takeover,yes,C1,
INT0182,G018,02:42,P052,P053,senior,junior,Sâ†’J,takeover,yes,C1,
INT0183,G018,19:05,P053,P054,junior,junior,Pâ†’P,overlap,no,C1,
INT0184,G018,03:55,P052,P054,senior,junior,Sâ†’J,takeover,yes,C1,
INT0185,G019,22:55,P055,P057,senior,junior,Sâ†’J,takeover,yes,C1,
INT0186,G019,23:30,P055,P057,senior,junior,Sâ†’J,takeover,yes,C1,
INT0187,G019,13:20,P055,P057,senior,junior,Sâ†’J,takeover,yes,C1,
INT0188,G019,22:13,P055,P057,senior,junior,Sâ†’J,takeover,yes,C1,
INT0189,G019,10:23,P056,P057,junior,junior,Pâ†’P,overlap,no,C1,
INT0190,G019,07:31,P055,P056,senior,junior,Sâ†’J,overlap,yes,C1,
INT0191,G019,02:19,P056,P057,junior,junior,Pâ†’P,overlap,no,C1,
INT0192,G019,13:51,P055,P056,senior,junior,Sâ†’J,overlap,yes,C1,
INT0193,G019,09:04,P055,P057,senior,junior,Sâ†’J,takeover,yes,C1,
INT0194,G019,12:50,P055,P057,senior,junior,Sâ†’J,takeover,yes,C1,
INT0195,G019,10:27,P055,P057,senior,junior,Sâ†’J,takeover,yes,C1,
INT0196,G020,22:48,P058,P059,senior,junior,Sâ†’J,takeover,yes,C1,
INT0197,G020,17:55,P058,P060,senior,junior,Sâ†’J,takeover,yes,C1,
INT0198,G020,15:17,P059,P060,junior,junior,Pâ†’P,overlap,no,C1,
INT0199,G020,18:51,P058,P060,senior,junior,Sâ†’J,overlap,yes,C1,
INT0200,G020,07:23,P058,P059,senior,junior,Sâ†’J,takeover,yes,C1,
INT0201,G020,22:48,P058,P060,senior,junior,Sâ†’J,takeover,yes,C1,
INT0202,G020,03:40,P058,P060,senior,junior,Sâ†’J,takeover,yes,C1,
INT0203,G020,10:41,P058,P059,senior,junior,Sâ†’J,takeover,yes,C1,
INT0204,G020,04:09,P058,P059,senior,junior,Sâ†’J,overlap,yes,C1,
INT0205,G020,14:27,P058,P059,senior,junior,Sâ†’J,takeover,yes,C1,
INT0206,G021,09:42,P061,P062,senior,junior,Sâ†’J,overlap,yes,C1,
INT0207,G021,03:20,P061,P062,senior,junior,Sâ†’J,overlap,yes,C1,
INT0208,G021,22:56,P061,P062,senior,junior,Sâ†’J,takeover,yes,C1,
INT0209,G021,19:47,P061,P062,senior,junior,Sâ†’J,takeover,yes,C1,
INT0210,G021,19:49,P062,P063,junior,junior,Pâ†’P,overlap,no,C1,
INT0211,G021,09:31,P062,P061,junior,senior,Jâ†’S,overlap,no,C1,
INT0212,G021,20:07,P063,P061,junior,senior,Jâ†’S,overlap,no,C1,
INT0213,G021,11:53,P061,P063,senior,junior,Sâ†’J,overlap,no,C1,
INT0214,G021,07:09,P061,P062,senior,junior,Sâ†’J,overlap,yes,C1,
INT0215,G022,23:07,P064,P066,senior,junior,Sâ†’J,takeover,yes,C1,
INT0216,G022,08:17,P065,P064,junior,senior,Jâ†’S,overlap,no,C1,
INT0217,G022,12:30,P064,P066,senior,junior,Sâ†’J,takeover,yes,C1,
INT0218,G022,20:02,P065,P064,junior,senior,Jâ†’S,overlap,no,C1,
INT0219,G022,23:58,P065,P064,junior,senior,Jâ†’S,overlap,no,C1,
INT0220,G022,09:35,P064,P066,senior,junior,Sâ†’J,overlap,yes,C1,
INT0221,G022,08:54,P064,P065,senior,junior,Sâ†’J,overlap,no,C1,
INT0222,G022,09:19,P064,P065,senior,junior,Sâ†’J,takeover,yes,C1,
INT0223,G022,06:58,P064,P066,senior,junior,Sâ†’J,overlap,yes,C1,
INT0224,G022,02:17,P066,P064,junior,senior,Jâ†’S,overlap,no,C1,
INT0225,G022,16:47,P064,P066,senior,junior,Sâ†’J,overlap,no,C1,
INT0226,G023,12:26,P067,P069,senior,junior,Sâ†’J,takeover,yes,C1,
INT0227,G023,01:48,P067,P068,senior,junior,Sâ†’J,takeover,yes,C1,
INT0228,G023,21:08,P067,P068,senior,junior,Sâ†’J,takeover,yes,C1,
INT0229,G023,11:36,P067,P068,senior,junior,Sâ†’J,takeover,yes,C1,
INT0230,G023,23:49,P068,P067,junior,senior,Jâ†’S,overlap,no,C1,
INT0231,G023,20:43,P067,P069,senior,junior,Sâ†’J,takeover,yes,C1,
INT0232,G023,05:16,P067,P069,senior,junior,Sâ†’J,takeover,yes,C1,
INT0233,G023,14:23,P067,P069,senior,junior,Sâ†’J,overlap,yes,C1,
INT0234,G024,07:16,P070,P071,senior,junior,Sâ†’J,takeover,yes,C1,
INT0235,G024,20:27,P070,P071,senior,junior,Sâ†’J,takeover,yes,C1,
INT0236,G024,12:10,P071,P072,junior,junior,Pâ†’P,overlap,no,C1,
INT0237,G024,04:00,P070,P072,senior,junior,Sâ†’J,overlap,no,C1,
INT0238,G024,16:07,P070,P071,senior,junior,Sâ†’J,takeover,yes,C1,
INT0239,G024,09:18,P072,P070,junior,senior,Jâ†’S,overlap,no,C1,
INT0240,G024,05:27,P071,P070,junior,senior,Jâ†’S,overlap,no,C1,
INT0241,G025,14:50,P073,P075,senior,junior,Sâ†’J,takeover,yes,C1,
INT0242,G025,15:58,P073,P075,senior,junior,Sâ†’J,takeover,yes,C1,
INT0243,G025,16:08,P075,P073,junior,senior,Jâ†’S,overlap,no,C1,
INT0244,G025,22:13,P073,P075,senior,junior,Sâ†’J,overlap,yes,C1,
INT0245,G025,02:03,P073,P074,senior,junior,Sâ†’J,takeover,yes,C1,
INT0246,G025,12:38,P074,P075,junior,junior,Pâ†’P,overlap,no,C1,
INT0247,G025,20:45,P074,P073,junior,senior,Jâ†’S,overlap,no,C1,
INT0248,G025,01:16,P073,P075,senior,junior,Sâ†’J,takeover,yes,C1,
INT0249,G025,13:42,P073,P074,senior,junior,Sâ†’J,takeover,yes,C1,
INT0250,G026,11:56,P077,P076,junior,senior,Jâ†’S,overlap,no,C1,
INT0251,G026,11:45,P077,P076,junior,senior,Jâ†’S,overlap,no,C1,
INT0252,G026,09:07,P076,P077,senior,junior,Sâ†’J,overlap,no,C1,
INT0253,G026,09:47,P076,P078,senior,junior,Sâ†’J,overlap,no,C1,
INT0254,G027,14:57,P079,P081,senior,junior,Sâ†’J,overlap,yes,C1,
INT0255,G027,22:40,P080,P081,junior,junior,Pâ†’P,overlap,no,C1,
INT0256,G027,02:12,P079,P080,senior,junior,Sâ†’J,takeover,yes,C1,
INT0257,G027,16:16,P079,P081,senior,junior,Sâ†’J,overlap,no,C1,
INT0258,G027,16:02,P081,P079,junior,senior,Jâ†’S,overlap,no,C1,
INT0259,G028,04:22,P082,P084,senior,junior,Sâ†’J,takeover,yes,C1,
INT0260,G028,06:47,P084,P082,junior,senior,Jâ†’S,overlap,no,C1,
INT0261,G028,19:57,P083,P082,junior,senior,Jâ†’S,overlap,no,C1,
INT0262,G028,19:00,P083,P082,junior,senior,Jâ†’S,overlap,no,C1,
INT0263,G028,14:58,P082,P084,senior,junior,Sâ†’J,overlap,no,C1,
INT0264,G028,01:18,P083,P082,junior,senior,Jâ†’S,overlap,no,C1,
INT0265,G029,11:09,P085,P087,senior,junior,Sâ†’J,overlap,no,C1,
INT0266,G029,15:40,P086,P087,junior,junior,Pâ†’P,overlap,no,C1,
INT0267,G029,20:42,P085,P086,senior,junior,Sâ†’J,overlap,no,C1,
INT0268,G029,11:46,P086,P087,junior,junior,Pâ†’P,overlap,no,C1,
INT0269,G029,19:08,P085,P086,senior,junior,Sâ†’J,overlap,yes,C1,
INT0270,G030,03:25,P088,P089,senior,junior,Sâ†’J,overlap,no,C1,
INT0271,G030,03:01,P089,P090,junior,junior,Pâ†’P,overlap,no,C1,
INT0272,G030,06:24,P089,P090,junior,junior,Pâ†’P,overlap,no,C1,
INT0273,G031,16:51,P093,P091,junior,senior,Jâ†’S,overlap,no,C1,
INT0274,G031,22:38,P091,P092,senior,junior,Sâ†’J,overlap,yes,C1,
INT0275,G031,16:28,P092,P093,junior,junior,Pâ†’P,overlap,no,C1,
INT0276,G031,16:17,P093,P091,junior,senior,Jâ†’S,overlap,no,C1,
INT0277,G032,14:40,P095,P094,junior,senior,Jâ†’S,overlap,no,C1,
INT0278,G032,17:21,P095,P096,junior,junior,Pâ†’P,overlap,no,C1,
INT0279,G032,22:14,P095,P094,junior,senior,Jâ†’S,overlap,no,C1,
INT0280,G032,16:33,P095,P094,junior,senior,Jâ†’S,overlap,no,C1,
INT0281,G032,10:29,P096,P094,junior,senior,Jâ†’S,overlap,no,C1,
INT0282,G032,10:09,P095,P096,junior,junior,Pâ†’P,overlap,no,C1,
INT0283,G033,10:36,P097,P098,senior,junior,Sâ†’J,overlap,yes,C1,
INT0284,G033,17:27,P099,P097,junior,senior,Jâ†’S,overlap,no,C1,
INT0285,G033,22:46,P099,P097,junior,senior,Jâ†’S,overlap,no,C1,
INT0286,G033,12:16,P098,P097,junior,senior,Jâ†’S,overlap,no,C1,
INT0287,G033,04:47,P098,P097,junior,senior,Jâ†’S,overlap,no,C1,
INT0288,G034,14:56,P102,P100,junior,senior,Jâ†’S,overlap,no,C1,
INT0289,G034,19:46,P102,P100,junior,senior,Jâ†’S,overlap,no,C1,
INT0290,G034,20:51,P100,P101,senior,junior,Sâ†’J,takeover,yes,C1,
INT0291,G034,03:47,P101,P102,junior,junior,Pâ†’P,overlap,no,C1,
INT0292,G034,09:55,P102,P100,junior,senior,Jâ†’S,overlap,no,C1,
INT0293,G034,18:01,P100,P101,senior,junior,Sâ†’J,takeover,yes,C1,
INT0294,G035,22:47,P105,P103,junior,senior,Jâ†’S,overlap,no,C1,
INT0295,G035,10:39,P104,P105,junior,junior,Pâ†’P,overlap,no,C1,
INT0296,G035,20:23,P105,P103,junior,senior,Jâ†’S,overlap,no,C1,
INT0297,G035,10:05,P103,P104,senior,junior,Sâ†’J,takeover,yes,C1,
INT0298,G035,01:44,P104,P105,junior,junior,Pâ†’P,overlap,no,C1,
INT0299,G035,01:13,P104,P103,junior,senior,Jâ†’S,overlap,no,C1,
INT0300,G036,03:19,P107,P108,junior,junior,Pâ†’P,overlap,no,C1,
INT0301,G036,05:30,P107,P106,junior,senior,Jâ†’S,overlap,no,C1,
INT0302,G036,06:57,P106,P108,senior,junior,Sâ†’J,overlap,yes,C1,
INT0303,G036,15:37,P106,P108,senior,junior,Sâ†’J,overlap,no,C1,
INT0304,G037,21:54,P111,P109,junior,senior,Jâ†’S,overlap,no,C1,
INT0305,G037,16:47,P111,P109,junior,senior,Jâ†’S,overlap,no,C1,
INT0306,G037,02:31,P111,P109,junior,senior,Jâ†’S,overlap,no,C1,
INT0307,G037,08:45,P109,P110,senior,junior,Sâ†’J,overlap,yes,C1,
INT0308,G037,03:17,P110,P111,junior,junior,Pâ†’P,overlap,no,C1,
INT0309,G038,20:41,P112,P114,senior,junior,Sâ†’J,takeover,yes,C1,
INT0310,G038,10:46,P112,P114,senior,junior,Sâ†’J,overlap,yes,C1,
INT0311,G038,19:58,P114,P112,junior,senior,Jâ†’S,overlap,no,C1,
INT0312,G038,05:56,P112,P114,senior,junior,Sâ†’J,overlap,no,C1,
INT0313,G038,22:41,P114,P112,junior,senior,Jâ†’S,overlap,no,C1,
INT0314,G038,06:39,P112,P113,senior,junior,Sâ†’J,overlap,yes,C1,
INT0315,G039,04:50,P117,P115,junior,senior,Jâ†’S,overlap,no,C1,
INT0316,G039,10:15,P115,P116,senior,junior,Sâ†’J,overlap,yes,C1,
INT0317,G039,09:22,P116,P115,junior,senior,Jâ†’S,overlap,no,C1,
INT0318,G039,17:02,P116,P117,junior,junior,Pâ†’P,overlap,no,C1,
INT0319,G040,04:35,P118,P120,senior,junior,Sâ†’J,overlap,no,C1,
INT0320,G040,02:49,P119,P120,junior,junior,Pâ†’P,overlap,no,C1,
INT0321,G040,09:57,P118,P119,senior,junior,Sâ†’J,overlap,no,C1,
INT0322,G040,15:51,P119,P118,junior,senior,Jâ†’S,overlap,no,C1,
INT0323,G040,04:50,P119,P118,junior,senior,Jâ†’S,overlap,no,C1,
INT0324,G040,18:02,P119,P118,junior,senior,Jâ†’S,overlap,no,C1,
INT0325,G041,06:46,P121,P123,senior,junior,Sâ†’J,overlap,yes,C1,
INT0326,G041,04:09,P123,P121,junior,senior,Jâ†’S,overlap,no,C1,
INT0327,G041,05:07,P122,P123,junior,junior,Pâ†’P,overlap,no,C1,
INT0328,G042,16:21,P124,P125,senior,junior,Sâ†’J,takeover,yes,C1,
INT0329,G042,12:45,P125,P126,junior,junior,Pâ†’P,overlap,no,C1,
INT0330,G042,12:40,P125,P124,junior,senior,Jâ†’S,overlap,no,C1,
INT0331,G042,17:26,P125,P126,junior,junior,Pâ†’P,overlap,no,C1,
INT0332,G042,05:51,P126,P124,junior,senior,Jâ†’S,overlap,no,C1,
INT0333,G042,15:54,P126,P124,junior,senior,Jâ†’S,overlap,no,C1,
INT0334,G043,23:51,P128,P127,junior,senior,Jâ†’S,overlap,no,C1,
INT0335,G043,03:21,P127,P128,senior,junior,Sâ†’J,overlap,yes,C1,
INT0336,G043,02:42,P128,P129,junior,junior,Pâ†’P,overlap,no,C1,
INT0337,G043,05:57,P129,P127,junior,senior,Jâ†’S,overlap,no,C1,
INT0338,G043,14:25,P128,P129,junior,junior,Pâ†’P,overlap,no,C1,
INT0339,G043,23:35,P128,P129,junior,junior,Pâ†’P,overlap,no,C1,
INT0340,G044,09:57,P131,P130,junior,senior,Jâ†’S,overlap,no,C1,
INT0341,G044,23:25,P131,P130,junior,senior,Jâ†’S,overlap,no,C1,
INT0342,G044,18:39,P131,P132,junior,junior,Pâ†’P,overlap,no,C1,
INT0343,G044,21:28,P132,P130,junior,senior,Jâ†’S,overlap,no,C1,
INT0344,G044,07:56,P130,P131,senior,junior,Sâ†’J,overlap,yes,C1,
INT0345,G045,07:05,P135,P133,junior,senior,Jâ†’S,overlap,no,C1,
INT0346,G045,17:21,P134,P135,junior,junior,Pâ†’P,overlap,no,C1,
INT0347,G045,06:01,P133,P135,senior,junior,Sâ†’J,takeover,yes,C1,
INT0348,G045,10:46,P134,P133,junior,senior,Jâ†’S,overlap,no,C1,
INT0349,G046,21:32,P136,P137,senior,junior,Sâ†’J,overlap,no,C1,
INT0350,G046,15:19,P137,P136,junior,senior,Jâ†’S,overlap,no,C1,
INT0351,G046,15:21,P137,P138,junior,junior,Pâ†’P,overlap,no,C1,
INT0352,G047,10:42,P140,P141,junior,junior,Pâ†’P,overlap,no,C1,
INT0353,G047,23:36,P141,P139,junior,senior,Jâ†’S,overlap,no,C1,
INT0354,G047,17:47,P139,P141,senior,junior,Sâ†’J,overlap,yes,C1,
INT0355,G047,12:29,P139,P141,senior,junior,Sâ†’J,overlap,yes,C1,
INT0356,G048,07:28,P142,P144,senior,junior,Sâ†’J,overlap,yes,C1,
INT0357,G048,13:55,P142,P144,senior,junior,Sâ†’J,overlap,no,C1,
INT0358,G048,23:59,P143,P144,junior,junior,Pâ†’P,overlap,no,C1,
INT0359,G048,14:52,P142,P143,senior,junior,Sâ†’J,overlap,yes,C1,
INT0360,G048,23:32,P143,P144,junior,junior,Pâ†’P,overlap,no,C1,
INT0361,G048,04:44,P142,P144,senior,junior,Sâ†’J,takeover,yes,C1,
INT0362,G049,04:07,P145,P147,senior,junior,Sâ†’J,takeover,yes,C1,
INT0363,G049,05:07,P145,P147,senior,junior,Sâ†’J,overlap,yes,C1,
INT0364,G049,05:09,P146,P147,junior,junior,Pâ†’P,overlap,no,C1,
INT0365,G049,14:03,P146,P147,junior,junior,Pâ†’P,overlap,no,C1,
INT0366,G049,10:56,P145,P146,senior,junior,Sâ†’J,overlap,yes,C1,
INT0367,G050,14:30,P150,P148,junior,senior,Jâ†’S,overlap,no,C1,
INT0368,G050,11:50,P148,P149,senior,junior,Sâ†’J,overlap,yes,C1,
INT0369,G050,15:48,P150,P148,junior,senior,Jâ†’S,overlap,no,C1,
INT0370,G050,05:55,P149,P148,junior,senior,Jâ†’S,overlap,no,C1,
INT0371,G050,20:42,P150,P148,junior,senior,Jâ†’S,overlap,no,C1,
INT0372,G051,22:56,P151,P153,senior,junior,Sâ†’J,overlap,no,C1,
INT0373,G051,23:01,P153,P151,junior,senior,Jâ†’S,overlap,no,C1,
INT0374,G051,18:41,P151,P152,senior,junior,Sâ†’J,takeover,yes,C1,
INT0375,G051,20:34,P152,P151,junior,senior,Jâ†’S,overlap,no,C1,
INT0376,G051,19:33,P151,P153,senior,junior,Sâ†’J,overlap,yes,C1,
INT0377,G051,22:59,P152,P151,junior,senior,Jâ†’S,overlap,no,C1,
INT0378,G052,03:51,P156,P154,junior,senior,Jâ†’S,overlap,no,C1,
INT0379,G052,13:37,P154,P155,senior,junior,Sâ†’J,overlap,yes,C1,
INT0380,G052,01:55,P156,P154,junior,senior,Jâ†’S,overlap,no,C1,
INT0381,G052,09:05,P154,P155,senior,junior,Sâ†’J,overlap,yes,C1,
INT0382,G052,06:16,P155,P154,junior,senior,Jâ†’S,overlap,no,C1,
INT0383,G053,20:20,P157,P158,senior,junior,Sâ†’J,overlap,yes,C1,
INT0384,G053,05:26,P158,P159,junior,junior,Pâ†’P,overlap,no,C1,
INT0385,G053,09:24,P158,P159,junior,junior,Pâ†’P,overlap,no,C1,
INT0386,G053,04:03,P157,P158,senior,junior,Sâ†’J,overlap,no,C1,
INT0387,G053,13:07,P157,P159,senior,junior,Sâ†’J,overlap,yes,C1,
INT0388,G054,01:17,P161,P160,junior,senior,Jâ†’S,overlap,no,C1,
INT0389,G054,08:48,P161,P160,junior,senior,Jâ†’S,overlap,no,C1,
INT0390,G054,10:36,P160,P161,senior,junior,Sâ†’J,overlap,yes,C1,
INT0391,G054,05:23,P161,P160,junior,senior,Jâ†’S,overlap,no,C1,
INT0392,G054,08:34,P161,P162,junior,junior,Pâ†’P,overlap,no,C1,
INT0393,G054,18:28,P160,P162,senior,junior,Sâ†’J,overlap,no,C1,
INT0394,G054,21:10,P160,P162,senior,junior,Sâ†’J,overlap,yes,C1,
INT0395,G055,19:53,P163,P164,senior,junior,Sâ†’J,takeover,yes,C1,
INT0396,G055,18:36,P163,P164,senior,junior,Sâ†’J,overlap,yes,C1,
INT0397,G055,05:46,P165,P163,junior,senior,Jâ†’S,overlap,no,C1,
INT0398,G055,14:13,P165,P163,junior,senior,Jâ†’S,overlap,no,C1,
INT0399,G055,22:21,P165,P163,junior,senior,Jâ†’S,overlap,no,C1,
INT0400,G055,09:15,P165,P163,junior,senior,Jâ†’S,overlap,no,C1,
INT0401,G056,01:58,P167,P166,junior,senior,Jâ†’S,overlap,no,C1,
INT0402,G056,20:30,P166,P167,senior,junior,Sâ†’J,overlap,yes,C1,
INT0403,G056,23:45,P166,P168,senior,junior,Sâ†’J,overlap,no,C1,
INT0404,G056,21:41,P166,P167,senior,junior,Sâ†’J,overlap,no,C1,
INT0405,G056,15:43,P166,P168,senior,junior,Sâ†’J,overlap,yes,C1,
INT0406,G056,06:53,P167,P166,junior,senior,Jâ†’S,overlap,no,C1,
INT0407,G056,04:29,P166,P167,senior,junior,Sâ†’J,overlap,yes,C1,
INT0408,G057,03:52,P171,P169,junior,senior,Jâ†’S,overlap,no,C1,
INT0409,G057,23:14,P169,P171,senior,junior,Sâ†’J,overlap,yes,C1,
INT0410,G057,16:57,P170,P169,junior,senior,Jâ†’S,overlap,no,C1,
INT0411,G057,01:12,P170,P171,junior,junior,Pâ†’P,overlap,no,C1,
INT0412,G057,21:25,P169,P171,senior,junior,Sâ†’J,overlap,yes,C1,
INT0413,G057,18:12,P170,P169,junior,senior,Jâ†’S,overlap,no,C1,
INT0414,G058,09:59,P173,P172,junior,senior,Jâ†’S,overlap,no,C1,
INT0415,G058,17:46,P173,P172,junior,senior,Jâ†’S,overlap,no,C1,
INT0416,G058,22:01,P173,P174,junior,junior,Pâ†’P,overlap,no,C1,
INT0417,G058,23:43,P174,P172,junior,senior,Jâ†’S,overlap,no,C1,
INT0418,G059,21:43,P176,P177,junior,junior,Pâ†’P,overlap,no,C1,
INT0419,G059,02:54,P176,P177,junior,junior,Pâ†’P,overlap,no,C1,
INT0420,G059,14:54,P176,P177,junior,junior,Pâ†’P,overlap,no,C1,
INT0421,G059,09:07,P177,P175,junior,senior,Jâ†’S,overlap,no,C1,
INT0422,G060,08:03,P178,P180,senior,junior,Sâ†’J,overlap,yes,C1,
INT0423,G060,13:12,P178,P179,senior,junior,Sâ†’J,overlap,yes,C1,
INT0424,G060,23:27,P179,P180,junior,junior,Pâ†’P,overlap,no,C1,
INT0425,G060,08:12,P178,P180,senior,junior,Sâ†’J,takeover,yes,C1,
INT0426,G060,21:06,P178,P180,senior,junior,Sâ†’J,overlap,yes,C1,
INT0427,G060,21:59,P178,P180,senior,junior,Sâ†’J,takeover,yes,C1,
INT0428,G060,16:15,P179,P180,junior,junior,Pâ†’P,overlap,no,C1,
INT0429,G060,02:52,P178,P179,senior,junior,Sâ†’J,overlap,no,C1,
INT0430,G061,19:07,P181,P182,senior,junior,Sâ†’J,overlap,yes,C1,
INT0431,G061,23:04,P182,P181,junior,senior,Jâ†’S,overlap,no,C1,
INT0432,G061,15:03,P181,P183,senior,junior,Sâ†’J,takeover,yes,C1,
INT0433,G061,22:03,P183,P181,junior,senior,Jâ†’S,overlap,no,C1,
INT0434,G062,08:55,P185,P184,junior,senior,Jâ†’S,overlap,no,C1,
INT0435,G062,15:24,P184,P186,senior,junior,Sâ†’J,overlap,no,C1,
INT0436,G062,11:41,P185,P186,junior,junior,Pâ†’P,overlap,no,C1,
INT0437,G062,01:29,P184,P185,senior,junior,Sâ†’J,takeover,yes,C1,
INT0438,G063,19:08,P189,P187,junior,senior,Jâ†’S,overlap,no,C1,
INT0439,G063,12:26,P187,P189,senior,junior,Sâ†’J,takeover,yes,C1,
INT0440,G063,05:51,P187,P188,senior,junior,Sâ†’J,overlap,yes,C1,
INT0441,G063,21:48,P187,P188,senior,junior,Sâ†’J,takeover,yes,C1,
INT0442,G063,10:38,P187,P189,senior,junior,Sâ†’J,overlap,yes,C1,
INT0443,G063,22:43,P187,P188,senior,junior,Sâ†’J,overlap,no,C1,
INT0444,G063,02:27,P187,P188,senior,junior,Sâ†’J,overlap,yes,C1,
INT0445,G063,03:21,P187,P189,senior,junior,Sâ†’J,overlap,no,C1,
INT0446,G064,20:19,P190,P191,senior,junior,Sâ†’J,takeover,yes,C1,
INT0447,G064,02:31,P190,P191,senior,junior,Sâ†’J,overlap,no,C1,
INT0448,G064,15:39,P190,P192,senior,junior,Sâ†’J,overlap,no,C1,
INT0449,G064,11:51,P191,P190,junior,senior,Jâ†’S,overlap,no,C1,
INT0450,G064,13:11,P191,P192,junior,junior,Pâ†’P,overlap,no,C1,
INT0451,G064,01:23,P190,P192,senior,junior,Sâ†’J,takeover,yes,C1,
INT0452,G064,04:09,P190,P191,senior,junior,Sâ†’J,overlap,no,C1,
INT0453,G064,12:02,P191,P192,junior,junior,Pâ†’P,overlap,no,C1,
INT0454,G065,08:56,P193,P194,senior,junior,Sâ†’J,overlap,yes,C1,
INT0455,G065,06:12,P193,P195,senior,junior,Sâ†’J,overlap,yes,C1,
INT0456,G065,22:08,P193,P194,senior,junior,Sâ†’J,overlap,yes,C1,
INT0457,G065,15:15,P193,P195,senior,junior,Sâ†’J,overlap,no,C1,
INT0458,G065,20:56,P193,P194,senior,junior,Sâ†’J,takeover,yes,C1,
INT0459,G065,05:50,P193,P195,senior,junior,Sâ†’J,overlap,yes,C1,
INT0460,G066,18:18,P198,P196,junior,senior,Jâ†’S,overlap,no,C1,
INT0461,G066,08:03,P198,P196,junior,senior,Jâ†’S,overlap,no,C1,
INT0462,G066,05:54,P196,P198,senior,junior,Sâ†’J,takeover,yes,C1,
INT0463,G066,03:50,P196,P197,senior,junior,Sâ†’J,takeover,yes,C1,
INT0464,G067,06:20,P201,P199,junior,senior,Jâ†’S,overlap,no,C1,
INT0465,G067,23:31,P199,P201,senior,junior,Sâ†’J,overlap,no,C1,
INT0466,G067,21:02,P199,P200,senior,junior,Sâ†’J,overlap,yes,C1,
INT0467,G067,07:19,P199,P201,senior,junior,Sâ†’J,overlap,no,C1,
INT0468,G067,12:16,P200,P199,junior,senior,Jâ†’S,overlap,no,C1,
INT0469,G067,03:18,P199,P201,senior,junior,Sâ†’J,takeover,yes,C1,
INT0470,G067,02:29,P199,P201,senior,junior,Sâ†’J,overlap,yes,C1,
INT0471,G068,09:24,P202,P204,senior,junior,Sâ†’J,takeover,yes,C1,
INT0472,G068,21:04,P202,P203,senior,junior,Sâ†’J,overlap,yes,C1,
INT0473,G068,18:41,P202,P204,senior,junior,Sâ†’J,overlap,yes,C1,
INT0474,G068,03:23,P202,P203,senior,junior,Sâ†’J,overlap,no,C1,
INT0475,G068,09:19,P204,P202,junior,senior,Jâ†’S,overlap,no,C1,
INT0476,G068,07:45,P203,P202,junior,senior,Jâ†’S,overlap,no,C1,
INT0477,G068,23:47,P204,P202,junior,senior,Jâ†’S,overlap,no,C1,
INT0478,G069,13:25,P206,P207,junior,junior,Pâ†’P,overlap,no,C1,
INT0479,G069,21:00,P205,P206,senior,junior,Sâ†’J,overlap,yes,C1,
INT0480,G069,07:30,P205,P207,senior,junior,Sâ†’J,overlap,yes,C1,
INT0481,G069,03:20,P206,P207,junior,junior,Pâ†’P,overlap,no,C1,
INT0482,G069,14:49,P206,P207,junior,junior,Pâ†’P,overlap,no,C1,
INT0483,G069,14:13,P205,P206,senior,junior,Sâ†’J,overlap,yes,C1,
INT0484,G070,22:53,P208,P209,senior,junior,Sâ†’J,overlap,no,C1,
INT0485,G070,13:48,P210,P208,junior,senior,Jâ†’S,overlap,no,C1,
INT0486,G070,11:37,P208,P209,senior,junior,Sâ†’J,overlap,yes,C1,
INT0487,G070,11:36,P210,P208,junior,senior,Jâ†’S,overlap,no,C1,
INT0488,G071,18:24,P211,P212,senior,junior,Sâ†’J,overlap,no,C1,
INT0489,G071,21:57,P211,P212,senior,junior,Sâ†’J,takeover,yes,C1,
INT0490,G071,18:11,P211,P213,senior,junior,Sâ†’J,takeover,yes,C1,
INT0491,G071,07:04,P212,P213,junior,junior,Pâ†’P,overlap,no,C1,
INT0492,G071,13:18,P211,P213,senior,junior,Sâ†’J,overlap,yes,C1,
INT0493,G071,02:23,P211,P212,senior,junior,Sâ†’J,overlap,no,C1,
INT0494,G071,13:10,P212,P213,junior,junior,Pâ†’P,overlap,no,C1,
INT0495,G072,13:57,P215,P216,junior,junior,Pâ†’P,overlap,no,C1,
INT0496,G072,05:55,P214,P216,senior,junior,Sâ†’J,overlap,no,C1,
INT0497,G072,06:38,P216,P214,junior,senior,Jâ†’S,overlap,no,C1,
INT0498,G072,19:12,P214,P216,senior,junior,Sâ†’J,overlap,yes,C1,
INT0499,G072,05:28,P214,P216,senior,junior,Sâ†’J,overlap,yes,C1,
INT0500,G072,11:58,P216,P214,junior,senior,Jâ†’S,overlap,no,C1,
INT0501,G072,15:29,P215,P214,junior,senior,Jâ†’S,overlap,no,C1,
INT0502,G073,13:39,P218,P219,junior,junior,Pâ†’P,overlap,no,C1,
INT0503,G073,06:26,P217,P219,senior,junior,Sâ†’J,overlap,no,C1,
INT0504,G073,06:44,P219,P217,junior,senior,Jâ†’S,overlap,no,C1,
INT0505,G073,23:02,P217,P218,senior,junior,Sâ†’J,overlap,no,C1,
INT0506,G073,10:42,P218,P219,junior,junior,Pâ†’P,overlap,no,C1,
INT0507,G073,23:46,P218,P217,junior,senior,Jâ†’S,overlap,no,C1,
INT0508,G074,12:04,P222,P220,junior,senior,Jâ†’S,overlap,no,C1,
INT0509,G074,14:28,P220,P221,senior,junior,Sâ†’J,overlap,yes,C1,
INT0510,G074,03:40,P222,P220,junior,senior,Jâ†’S,overlap,no,C1,
INT0511,G074,13:21,P221,P220,junior,senior,Jâ†’S,overlap,no,C1,
INT0512,G074,13:02,P220,P221,senior,junior,Sâ†’J,overlap,yes,C1,
INT0513,G074,22:47,P220,P222,senior,junior,Sâ†’J,takeover,yes,C1,
INT0514,G074,18:42,P220,P222,senior,junior,Sâ†’J,takeover,yes,C1,
INT0515,G074,09:53,P220,P221,senior,junior,Sâ†’J,overlap,yes,C1,
INT0516,G075,22:48,P223,P225,senior,junior,Sâ†’J,takeover,yes,C1,
INT0517,G075,12:11,P223,P224,senior,junior,Sâ†’J,overlap,yes,C1,
INT0518,G075,15:44,P223,P224,senior,junior,Sâ†’J,overlap,yes,C1,
INT0519,G075,02:38,P223,P225,senior,junior,Sâ†’J,overlap,no,C1,
INT0520,G075,12:58,P223,P224,senior,junior,Sâ†’J,takeover,yes,C1,
INT0521,G076,22:42,P226,P227,senior,junior,Sâ†’J,overlap,no,C1,
INT0522,G076,06:46,P226,P228,senior,junior,Sâ†’J,overlap,no,C1,
INT0523,G076,11:35,P227,P226,junior,senior,Jâ†’S,overlap,no,C1,
INT0524,G077,08:13,P229,P231,senior,junior,Sâ†’J,takeover,yes,C1,
INT0525,G077,13:41,P229,P231,senior,junior,Sâ†’J,takeover,yes,C1,
INT0526,G078,02:04,P233,P234,junior,junior,Pâ†’P,overlap,no,C1,
INT0527,G078,14:19,P233,P234,junior,junior,Pâ†’P,overlap,no,C1,
INT0528,G078,16:06,P233,P232,junior,senior,Jâ†’S,overlap,no,C1,
INT0529,G078,09:06,P234,P232,junior,senior,Jâ†’S,overlap,no,C1,
INT0530,G079,21:48,P236,P237,junior,junior,Pâ†’P,overlap,no,C1,
INT0531,G079,11:54,P236,P235,junior,senior,Jâ†’S,overlap,no,C1,
INT0532,G079,11:01,P237,P235,junior,senior,Jâ†’S,overlap,no,C1,
INT0533,G080,08:01,P239,P238,junior,senior,Jâ†’S,overlap,no,C1,
INT0534,G080,10:15,P239,P240,junior,junior,Pâ†’P,overlap,no,C1,
INT0535,G081,12:31,P241,P242,senior,junior,Sâ†’J,overlap,no,C1,
INT0536,G081,08:59,P243,P241,junior,senior,Jâ†’S,overlap,no,C1,
INT0537,G081,11:08,P241,P242,senior,junior,Sâ†’J,overlap,no,C1,
INT0538,G082,11:21,P244,P245,senior,junior,Sâ†’J,overlap,no,C1,
INT0539,G082,08:51,P245,P244,junior,senior,Jâ†’S,overlap,no,C1,
INT0540,G082,20:55,P246,P244,junior,senior,Jâ†’S,overlap,no,C1,
INT0541,G083,16:04,P248,P249,junior,junior,Pâ†’P,overlap,no,C1,
INT0542,G083,02:40,P248,P249,junior,junior,Pâ†’P,overlap,no,C1,
INT0543,G084,19:35,P251,P252,junior,junior,Pâ†’P,overlap,no,C1,
INT0544,G084,07:15,P252,P250,junior,senior,Jâ†’S,overlap,no,C1,
INT0545,G084,15:19,P250,P251,senior,junior,Sâ†’J,takeover,yes,C1,
INT0546,G085,19:28,P254,P255,junior,junior,Pâ†’P,overlap,no,C1,
INT0547,G085,07:17,P254,P255,junior,junior,Pâ†’P,overlap,no,C1,
INT0548,G085,16:05,P254,P255,junior,junior,Pâ†’P,overlap,no,C1,
INT0549,G085,12:25,P255,P253,junior,senior,Jâ†’S,overlap,no,C1,
INT0550,G086,05:52,P257,P258,junior,junior,Pâ†’P,overlap,no,C1,
INT0551,G086,16:01,P257,P258,junior,junior,Pâ†’P,overlap,no,C1,
INT0552,G086,14:54,P256,P258,senior,junior,Sâ†’J,overlap,yes,C1,
INT0553,G086,06:16,P258,P256,junior,senior,Jâ†’S,overlap,no,C1,
INT0554,G086,15:18,P258,P256,junior,senior,Jâ†’S,overlap,no,C1,
INT0555,G087,07:09,P260,P261,junior,junior,Pâ†’P,overlap,no,C1,
INT0556,G087,01:00,P260,P261,junior,junior,Pâ†’P,overlap,no,C1,
INT0557,G087,12:31,P261,P259,junior,senior,Jâ†’S,overlap,no,C1,
INT0558,G087,13:47,P261,P259,junior,senior,Jâ†’S,overlap,no,C1,
INT0559,G087,10:41,P260,P261,junior,junior,Pâ†’P,overlap,no,C1,
INT0560,G088,13:59,P263,P262,junior,senior,Jâ†’S,overlap,no,C1,
INT0561,G088,14:16,P263,P264,junior,junior,Pâ†’P,overlap,no,C1,
INT0562,G089,21:44,P266,P265,junior,senior,Jâ†’S,overlap,no,C1,
INT0563,G089,21:24,P266,P267,junior,junior,Pâ†’P,overlap,no,C1,
INT0564,G089,08:15,P267,P265,junior,senior,Jâ†’S,overlap,no,C1,
INT0565,G089,21:45,P266,P265,junior,senior,Jâ†’S,overlap,no,C1,
INT0566,G089,09:38,P266,P265,junior,senior,Jâ†’S,overlap,no,C1,
INT0567,G090,01:07,P269,P270,junior,junior,Pâ†’P,overlap,no,C1,
INT0568,G090,21:45,P269,P270,junior,junior,Pâ†’P,overlap,no,C1,
INT0569,G090,13:45,P269,P268,junior,senior,Jâ†’S,overlap,no,C1,
INT0570,G091,14:16,P273,P271,junior,senior,Jâ†’S,overlap,no,C1,
INT0571,G091,19:19,P272,P273,junior,junior,Pâ†’P,overlap,no,C1,
INT0572,G091,03:06,P273,P271,junior,senior,Jâ†’S,overlap,no,C1,
INT0573,G092,23:19,P274,P275,senior,junior,Sâ†’J,overlap,yes,C1,
INT0574,G092,03:49,P276,P274,junior,senior,Jâ†’S,overlap,no,C1,
INT0575,G092,21:18,P275,P276,junior,junior,Pâ†’P,overlap,no,C1,
INT0576,G092,06:11,P275,P274,junior,senior,Jâ†’S,overlap,no,C1,
INT0577,G092,07:31,P274,P275,senior,junior,Sâ†’J,overlap,no,C1,
INT0578,G093,07:16,P278,P279,junior,junior,Pâ†’P,overlap,no,C1,
INT0579,G093,14:28,P278,P277,junior,senior,Jâ†’S,overlap,no,C1,
INT0580,G093,21:10,P277,P278,senior,junior,Sâ†’J,overlap,yes,C1,
INT0581,G094,16:31,P281,P280,junior,senior,Jâ†’S,overlap,no,C1,
INT0582,G094,01:03,P280,P281,senior,junior,Sâ†’J,overlap,no,C1,
INT0583,G094,02:06,P280,P281,senior,junior,Sâ†’J,overlap,yes,C1,
INT0584,G095,20:27,P285,P283,junior,senior,Jâ†’S,overlap,no,C1,
INT0585,G095,11:52,P283,P285,senior,junior,Sâ†’J,overlap,yes,C1,
INT0586,G095,02:22,P284,P285,junior,junior,Pâ†’P,overlap,no,C1,
INT0587,G095,04:00,P285,P283,junior,senior,Jâ†’S,overlap,no,C1,
INT0588,G096,17:17,P287,P288,junior,junior,Pâ†’P,overlap,no,C1,
INT0589,G096,08:23,P288,P286,junior,senior,Jâ†’S,overlap,no,C1,
INT0590,G097,21:52,P291,P289,junior,senior,Jâ†’S,overlap,no,C1,
INT0591,G097,02:51,P290,P291,junior,junior,Pâ†’P,overlap,no,C1,
INT0592,G098,13:47,P293,P292,junior,senior,Jâ†’S,overlap,no,C1,
INT0593,G098,12:27,P293,P294,junior,junior,Pâ†’P,overlap,no,C1,
INT0594,G098,16:42,P293,P294,junior,junior,Pâ†’P,overlap,no,C1,
INT0595,G098,04:46,P293,P292,junior,senior,Jâ†’S,overlap,no,C1,
INT0596,G098,23:09,P293,P294,junior,junior,Pâ†’P,overlap,no,C1,
INT0597,G099,03:19,P296,P297,junior,junior,Pâ†’P,overlap,no,C1,
INT0598,G099,18:55,P297,P295,junior,senior,Jâ†’S,overlap,no,C1,
INT0599,G099,04:30,P296,P295,junior,senior,Jâ†’S,overlap,no,C1,
INT0600,G099,08:13,P295,P296,senior,junior,Sâ†’J,takeover,yes,C1,
INT0601,G099,23:01,P295,P297,senior,junior,Sâ†’J,overlap,no,C1,
INT0602,G100,22:08,P299,P300,junior,junior,Pâ†’P,overlap,no,C1,
INT0603,G100,21:46,P300,P298,junior,senior,Jâ†’S,overlap,no,C1,
